post_date;post_date_last;likes_count
2024-09-13 19:40;2024-09-13 16:30;132
2024-09-13 16:30;2024-09-12 17:13;147
2024-09-12 17:13;2024-09-12 17:01;78
2024-09-12 17:01;2024-09-12 15:52;281
2024-09-12 15:52;2024-09-11 16:14;306
2024-09-11 16:14;2024-09-11 13:21;164
2024-09-11 13:21;2024-09-10 19:39;158
2024-09-10 19:39;2024-09-06 00:59;488
2024-09-06 00:59;2024-09-03 00:31;154
2024-09-03 00:31;2024-08-28 16:11;138
2024-08-28 16:11;2024-08-28 16:10;108
2024-08-28 16:10;2024-08-03 20:39;189
2024-08-03 20:39;2024-08-01 15:57;214
2024-08-01 15:57;2024-07-29 17:15;187
2024-07-29 17:15;2024-07-28 18:20;90
2024-07-28 18:20;2024-07-21 23:13;70
2024-07-21 23:13;2024-07-21 00:24;83
2024-07-21 00:24;2024-07-19 19:24;147
2024-07-19 19:24;2024-07-18 14:20;242
2024-07-18 14:20;2024-07-17 02:12;230
2024-07-17 02:12;2024-07-16 10:38;196
2024-07-16 10:38;2024-07-12 00:17;102
2024-07-12 00:17;2024-07-10 20:59;210
2024-07-10 20:59;2024-07-17 02:12;291
2024-07-17 02:12;2024-07-07 23:27;190
2024-07-07 23:27;2024-07-07 23:23;52
2024-07-07 23:23;2024-07-07 23:20;102
2024-07-07 23:20;2024-07-06 23:03;192
2024-07-06 23:03;2024-06-26 14:46;390
2024-06-26 14:46;2024-06-25 23:52;119
;;
;;
;;
;;
;;
;;
;;